stock,cluster_id,anomaly_score,sector_id,x,y
QCOM UW Equity,0,0.1851597365812766,7,6.737145902409561,-3.6391683013277385
MAS UN Equity,1,0.146416461144,6,-3.377959151765044,-3.723820730061392
ALGN UW Equity,0,0.19234214639804256,5,7.2400140846598475,-3.87348571780099
FOX UW Equity,2,0.2455789612782979,0,17.496420115434887,-3.7138487738124106
LDOS UN Equity,0,0.17138026111319152,6,6.953656521021394,-3.7509493408522028
GDDY UN Equity,1,0.14555014003404254,7,-3.582676391175246,-3.981645511096206
CAH UN Equity,0,0.17066558627489364,5,6.704090522958764,-3.7653640358894065
EW UN Equity,1,0.1440516036110638,5,-3.5190244613434634,-3.4556861701205506
ANET UN Equity,1,0.1453245848647149,7,-3.25429510496923,-3.329807274510444
KHC UW Equity,0,0.2013985533251064,2,6.903404406381888,-3.6149441111446374
TRMB UW Equity,0,0.1561706273906383,7,6.217932429200555,-3.3223017201020344
AOS UN Equity,1,0.12900277126678297,6,-3.670849298941234,-3.974356735307789
HBAN UW Equity,1,0.13591203324510637,4,-3.435568003317476,-3.7337922993959918
CLX UN Equity,0,0.2186711629888511,2,7.2252858900646295,-3.6263603957911195
T UN Equity,2,0.27755951322468086,0,17.90678947809346,-3.588256914485632
MCK UN Equity,0,0.1675639874706383,5,7.1431063609043015,-3.462856361283434
MSI UN Equity,0,0.1584855452561702,7,6.751704455560925,-4.111218521946498
VRSK UW Equity,1,0.14163232517702126,6,-3.6272784436683323,-3.2979368064246732
EMR UN Equity,0,0.14962531763821277,6,6.511212834550989,-3.585689534257364
CNP UN Equity,0,0.16549963043148935,10,6.8285286327776955,-3.7591519384341447
GNRC UN Equity,1,0.14296706773372767,6,-3.504294117619376,-3.330607039838473
OKE UN Equity,0,0.19978781640085108,3,6.878034166138297,-3.8278820730529266
TPL UN Equity,0,0.19216893931914897,3,6.989050985342464,-3.7175513367653
DPZ UW Equity,2,0.24083565773391916,1,17.577091235813022,-3.24432106825258
ECL UN Equity,0,0.1619258577625532,8,6.736853036292488,-3.5563785422944085
COF UN Equity,0,0.161534136266383,4,6.704978810004737,-3.2187064836162946
MOH UN Equity,0,0.1563448755822851,5,6.783028664410747,-3.7541147357262816
GOOGL UW Equity,3,0.30388365221446806,0,-1.7471319490060704,-13.722594979522707
DTE UN Equity,0,0.17041686340948933,10,6.861145733660668,-3.3896931202288787
ADP UW Equity,0,0.1563909449080851,6,6.765131489425007,-3.4932277887969705
VMC UN Equity,0,0.1612321982119149,8,6.6115259636307435,-3.428938141140159
GWW UN Equity,1,0.14159549171106384,6,-3.630118745643588,-3.177396165664732
CCI UN Equity,0,0.15886506460085106,9,6.825055865027538,-3.0711648483096106
STE UN Equity,0,0.16320127245642554,5,6.979417767764343,-3.1621598824708728
KDP UW Equity,0,0.2211105377531915,2,7.186430636361969,-2.937173651947261
EQT UN Equity,2,0.23496995592340425,3,17.32361935147437,-3.174235856645248
NXPI UW Equity,0,0.16746716758723407,7,6.645891829743132,-3.2849840357065148
BXP UN Equity,1,0.13182767191914893,9,-3.639148167722219,-3.308106342718137
DOW UN Equity,0,0.1677095456641702,8,6.981912040487488,-3.395177705897808
FFIV UW Equity,1,0.1204631023747234,7,-3.5793825933523964,-2.7966453516451177
PODD UW Equity,0,0.19671742082570212,5,7.051829486597702,-3.25199119428635
WTW UW Equity,0,0.1903665318357447,4,7.2256451277175575,-3.1102367293345123
PCAR UW Equity,1,0.1405310155412766,6,-3.7576851494355306,-2.7436963460396697
AFL UN Equity,0,0.16273643042127658,4,6.663905701513942,-3.101552024624983
CDW UW Equity,0,0.1627516958506383,7,6.948700236847735,-3.3916268193828447
LYV UN Equity,2,0.2317781757902128,0,17.550547739843992,-3.365364856440485
APD UN Equity,1,0.1444758467868255,8,-3.3927638203607278,-2.8432861400426854
NDSN UW Equity,1,0.12599270745852764,6,-3.6127743526441436,-2.4996329972270637
CINF UW Equity,0,0.17612989684085106,4,6.888056555169678,-3.072741793003628
HSIC UW Equity,0,0.14879200821324257,5,6.625294008170124,-3.0131415929619627
DAY UN Equity,0,0.17374381490723406,6,7.078447831689848,-2.415664603199301
IT UN Equity,0,0.17033278698787235,7,6.754316795111778,-2.5506563968484564
MCO UN Equity,0,0.15996585641787234,4,6.560561196464379,-3.2080128243946717
ORLY UW Equity,3,0.2870999934170213,1,-1.916258470879285,-13.1776132784911
ETN UN Equity,1,0.14311652524000001,6,-3.5610605057656195,-2.586215447942143
RCL UN Equity,3,0.30375424066808515,1,-1.990595412242663,-13.137716127296391
VLTO UN Equity,0,0.18629594156765955,6,6.905831359446051,-3.041382264228354
AMD UW Equity,3,0.3044850161744681,7,-1.9155142347417644,-12.396969185603904
BRO UN Equity,0,0.1663079810714894,4,6.834948434366343,-3.3102313613864034
HII UN Equity,0,0.1508257109389787,6,6.3726573748822375,-3.0668820515041166
KR UN Equity,0,0.21525852614638297,2,7.367256506630712,-2.8151384842017526
ROK UN Equity,1,0.1418504680840851,6,-3.7018960518916413,-2.839565383762046
USB UN Equity,0,0.1611855272242553,4,6.633485066389959,-2.5674107669633717
BDX UN Equity,0,0.18055420869182978,5,7.086107349164184,-3.0259795687074256
MPC UN Equity,0,0.1954187311055319,3,6.708006330864019,-2.9820796563745646
SPG UN Equity,0,0.16279255586680852,9,6.612879681885227,-3.3301997408783723
MU UW Equity,0,0.2110367143302128,7,6.975151066629996,-2.8088784006660283
BBY UN Equity,0,0.1954548461142128,1,6.943583197182953,-3.008649960580785
AVGO UW Equity,0,0.17464340681702128,7,6.890162185733608,-2.8502406515435053
MKC UN Equity,0,0.217375031773617,2,7.266566885167298,-2.911930426329976
EVRG UW Equity,0,0.2101467613651064,10,7.180941831286947,-2.6911153074373115
XOM UN Equity,2,0.2261533872782979,3,17.39338050861904,-3.5264360850998324
MNST UW Equity,0,0.19232165145787236,2,7.011345776348236,-3.0818162037994226
VST UN Equity,0,0.18574589220595744,10,6.997954820087836,-2.983979854394105
CHTR UW Equity,0,0.21078964882714896,0,7.074294357375347,-2.059741202125376
ALL UN Equity,0,0.18755593199319148,4,7.092130267789239,-2.8887430625370505
SRE UN Equity,0,0.17744982334791487,10,6.981338175620828,-2.8159182489182957
CRM UN Equity,0,0.22076999083821275,7,7.386198708259192,-2.0573279093103998
GRMN UN Equity,2,0.2411805021787234,1,17.255023996832087,-3.1782381877142627
MCHP UW Equity,1,0.1396849467344681,7,-3.4964881646456605,-2.4542040565566947
TYL UN Equity,0,0.15447351983948937,7,6.728599536018569,-1.7651239361667193
AEP UW Equity,0,0.17950684999344682,10,6.947602932893692,-2.7591168227692497
APP UW Equity,2,0.25710950981714553,7,17.409208887193916,-2.92723066283583
PGR UN Equity,0,0.18382924025276595,4,7.25295248086935,-2.533121841846014
OXY UN Equity,2,0.227310416813617,3,17.394007863574856,-2.9151361959627358
MAR UW Equity,2,0.22624606378212767,1,17.35174028049378,-2.8921658347117214
PWR UN Equity,1,0.1446407030866383,6,-3.5356520850184863,-2.7077618873206517
BK UN Equity,0,0.16649257001531917,4,6.755936790425389,-2.330505151999972
MDLZ UW Equity,2,0.23673408097021278,2,17.477473267314583,-2.5675480270267554
MCD UN Equity,2,0.22545282915063827,1,17.372512071280617,-2.6398355891988063
AMGN UW Equity,0,0.15156358792595745,5,6.5690641152995966,-1.958554065719794
FISV UW Equity,0,0.16342129427190966,4,6.624315872573272,-2.612277183514344
UDR UN Equity,0,0.18296636774468086,9,6.783958382815053,-2.401716812478905
IVZ UN Equity,0,0.18056803292765955,4,6.727407169516151,-2.120897394064034
TROW UW Equity,1,0.14209166262970213,4,-3.4475999288513677,-2.170078146322666
COR UN Equity,2,0.25009398826187235,5,17.664521987775498,-2.5539395978544204
CRWD UW Equity,2,0.22784717565480847,7,17.543535619095053,-2.20213679142414
CTRA UN Equity,1,0.13614936768646807,3,-3.5404712900108226,-2.32382168393213
ACN UN Equity,0,0.16327372470408513,7,6.602504400260045,-2.181374706548908
JBL UN Equity,0,0.1656017042323404,7,6.749216627656217,-2.3589396800591804
CSCO UW Equity,0,0.1610481468425532,7,6.7630290417534615,-2.2731908404667585
DHI UN Equity,0,0.2137138265038298,1,7.263385826326671,-2.5582934885163366
HD UN Equity,4,0.5011593294553192,1,0.313237562518289,-24.182678814314176
NOW UN Equity,0,0.17419366372110637,7,6.733546467710953,-2.2489474095035997
CME UW Equity,0,0.15427411368731916,4,6.778091907639207,-2.2308352830982656
AKAM UW Equity,1,0.13340354321497874,7,-3.3317837300058373,-2.2792052816079647
APH UN Equity,1,0.14418974473540425,7,-3.4967795897640945,-2.324871561358717
HAL UN Equity,0,0.19270476863489364,3,7.150084229996106,-2.0810303752755552
FCX UN Equity,0,0.18385920518042553,8,6.924053090464364,-2.252739089472966
JKHY UW Equity,1,0.1350995373497447,4,-3.7080944284059183,-1.7706533251253065
NVDA UW Equity,4,0.5195239004161701,7,0.1970852068566349,-21.209296237800764
LVS UN Equity,2,0.2465843486093617,1,17.427848115282195,-2.263575068109224
IRM UN Equity,0,0.18992994045787234,9,6.912634511868795,-1.97085709121802
TGT UN Equity,2,0.22644959630297873,2,17.211187466637494,-1.985127748909258
CTSH UW Equity,0,0.1506647789906383,7,6.688126684232354,-1.81039720448544
MMM UN Equity,0,0.16760562904723406,6,6.808669350545176,-1.9995532641093736
PFE UN Equity,0,0.19919061532851062,5,6.888803426733418,-1.925305931012782
CPAY UN Equity,1,0.13493323760970213,4,-3.5293925251669878,-2.036570514847097
ROST UW Equity,2,0.2282743606059575,1,17.24179263141466,-1.8609297635177384
HUM UN Equity,0,0.16969510967443405,5,6.791812732748312,-1.9747906333042087
PNR UN Equity,1,0.12754150541106385,6,-3.5994715950712495,-2.026669584406756
ETR UN Equity,0,0.16520780488425532,10,6.795064101843672,-1.9628928090119149
ZBRA UW Equity,1,0.14628621387574467,7,-3.2353896194200416,-1.9292705010241191
ES UN Equity,0,0.17171661578723407,10,6.687891392659098,-2.118137852756573
NTRS UW Equity,0,0.14907177503404256,4,6.6179197745743465,-1.8334592160386265
EME UN Equity,0,0.158294662686383,6,6.466280998788683,-1.911738868146419
AWK UN Equity,0,0.15593353789131914,10,6.860595967769385,-1.3389595783964903
CHRW UW Equity,0,0.16827254788493615,6,6.974539800699807,-1.4437473670964212
CFG UN Equity,1,0.14656060496,4,-3.31117289602646,-1.6298093015498072
ABT UN Equity,0,0.16875418652851062,5,6.754433994223689,-1.7154588916621993
GLW UN Equity,0,0.15771966588723405,7,6.733095980188196,-1.9775192693111092
FTNT UW Equity,2,0.23587435526255318,7,17.527462516714053,-2.097164942580586
PH UN Equity,0,0.1535283088817021,6,6.273888853108904,-2.0396922719693644
EQIX UW Equity,0,0.16426426428212765,9,6.572581425866918,-1.4386381027873865
CSGP UW Equity,0,0.17265003582638294,9,6.788399614211574,-1.6455709718589107
DDOG UW Equity,2,0.2793723530297872,7,18.119204773128832,-1.815694896350968
DOV UN Equity,1,0.14683759790604256,6,-3.3800539336328153,-1.593175066383207
Q UN Equity,2,0.26283105362468084,7,17.697269137629235,-1.2190173034824228
AVY UN Equity,0,0.15060983430808514,8,6.444476223267585,-1.5660568643838852
ERIE UW Equity,0,0.1610077559787234,4,6.819627932723694,-2.097073649061429
APA UW Equity,0,0.2153300238519149,3,7.571967283920374,-1.4039019690144285
FAST UW Equity,1,0.12732193423425534,6,-3.415238803218154,-1.5030024141113119
FITB UW Equity,0,0.14974576941872342,4,6.419897976531637,-1.4969909419364755
SBAC UW Equity,1,0.1425729584575319,9,-3.6558550607064833,-1.420129800794421
FDS UN Equity,1,0.14304644254893617,4,-3.568623090721387,-0.9140726358648587
EFX UN Equity,1,0.13906152485106385,6,-3.652719645637638,-1.4727377747147106
CVS UN Equity,0,0.1746363361412766,5,6.7273199118840505,-1.8630381346797784
ACGL UW Equity,0,0.16912950176170213,4,6.831497256397093,-1.6781461025247388
GOOG UW Equity,3,0.3015615295242553,0,-1.6332504115748738,-11.664927633779103
BAX UN Equity,0,0.20094645425336172,5,7.365787522573133,-1.4691700366592146
DGX UN Equity,1,0.14690157194144682,5,-3.491396677026453,-1.4208441874225233
RTX UN Equity,0,0.1779109246161702,6,6.703334744094972,-1.4968170752453764
HON UW Equity,1,0.13911923325319148,6,-3.719641371035737,-1.4178761717526909
MGM UN Equity,2,0.23996523824851063,1,17.151035127081755,-1.752058339722033
CF UN Equity,1,0.13280613985361703,8,-3.482935410134154,-0.9820876185829301
D UN Equity,0,0.1596350056961702,10,6.735674822008462,-1.5578110083714187
NEE UN Equity,0,0.17347443401787233,10,7.114158423783799,-1.4854747160231128
SOLV UN Equity,3,0.3351316746331915,5,-1.565425671525336,-11.208507840395711
IBKR UW Equity,1,0.11128774705591489,4,-3.833333404564816,-0.7754888855826635
NCLH UN Equity,4,0.4890187261191489,1,0.14296210772071727,-18.54943756022624
AIG UN Equity,0,0.17880972698042555,4,6.64819105296244,-1.4974314306444365
VLO UN Equity,0,0.19560108336425533,3,6.876864516177502,-1.371130895153191
TMO UN Equity,0,0.16675951874382977,5,6.708211388898047,-1.0162329670166117
WEC UN Equity,0,0.16908318949106385,10,6.7176143946171205,-2.0006050075838178
CTVA UN Equity,0,0.1852835802348936,8,7.084571687425694,-1.392987400564507
VRSN UW Equity,1,0.13467071401148936,7,-3.7796106681665327,-1.007868307712688
CAG UN Equity,0,0.20546078371012766,2,7.206898644975912,-1.264481166180067
LNT UW Equity,0,0.15743092571029785,10,6.409357450426138,-1.209445211187497
SHW UN Equity,0,0.16202317195506385,8,6.800246001629116,-1.351256791025687
GL UN Equity,0,0.16790061475319148,4,6.696882922670115,-1.6722930284011026
NI UN Equity,0,0.1645949353106383,10,6.940608912525239,-1.1259481489390224
CAT UN Equity,0,0.1523072266774468,6,6.5286532169331135,-0.7509439034125961
HOLX UW Equity,1,0.13820216142323405,5,-3.674927650270229,-1.1110700470756836
MLM UN Equity,0,0.15310602212595745,8,6.535532309160033,-1.5410812452687699
CCL UN Equity,5,0.3947352942314894,1,8.971561709886531,-13.568910560703141
OMC UN Equity,0,0.20614242944595745,0,7.2588452105631465,-0.916493327701281
TXT UN Equity,0,0.15829352869446808,6,6.798931655774505,-1.189416073992644
MMC UN Equity,0,0.1908357803242553,4,7.087123408519382,-1.0974502917552251
WM UN Equity,0,0.15341505282936171,6,6.381370210380217,-1.3201782700600933
DAL UN Equity,0,0.17357516118297872,6,6.922706965810597,-1.1154021225591677
GEHC UW Equity,3,0.3191543870726809,5,-1.321062398713546,-10.897097566801238
JPM UN Equity,0,0.18099316541021276,4,6.76331360741262,-0.6816113678815521
KIM UN Equity,0,0.15262067858808512,9,6.66131354026731,-0.8357931431454575
SO UN Equity,0,0.16587567554910637,10,6.549082365806573,-0.5232134893759909
C UN Equity,0,0.17980377634808511,4,6.973149000689952,-0.6367728555701462
AZO UN Equity,3,0.2931500806817021,1,-1.9258170733200077,-10.253401510108011
DVA UN Equity,0,0.14837885097906384,5,6.461311401445645,-0.7961885951682681
MA UN Equity,0,0.19082752105106382,4,6.82742817734208,-0.4448110704448072
MDT UN Equity,0,0.1654712907080851,5,6.865547521828775,-0.7458808493882731
XYL UN Equity,0,0.1624155329455319,6,6.76322521833114,-0.6234665319596757
KLAC UW Equity,1,0.1468277817474553,7,-3.3866586913888144,-1.0288007162939437
TFC UN Equity,0,0.18057558138893617,4,6.822059220094885,-0.8794407516287103
SYY UN Equity,0,0.21583518911234043,2,7.495256413977563,-0.7634959963663246
COP UN Equity,0,0.19624693139659574,3,7.009583845862371,-0.9293228432422881
NDAQ UW Equity,1,0.13940175320987233,4,-3.3845075059299266,-0.5816816999510412
RF UN Equity,1,0.13560061381702126,4,-3.249895531989577,-0.4801658386424382
EL UN Equity,0,0.2165756254306383,2,7.29002747931122,-0.4824053408545982
SJM UN Equity,0,0.21035891489106381,2,7.26147216864195,-0.9992116673681205
HRL UN Equity,0,0.20953939674212765,2,7.119738416466855,-0.4838826130710814
HLT UN Equity,0,0.20616489525702128,1,7.2485774700228465,-0.7019674001378793
URI UN Equity,1,0.1344967837412766,6,-3.1237030685265696,-0.4518402989030824
BMY UN Equity,0,0.17764185259319148,5,6.803899690136417,-0.3363272994808526
HWM UN Equity,0,0.15895191504851067,6,6.629532980558293,-0.4162562627509601
KO UN Equity,2,0.23726017981787237,2,17.242809901581442,-1.8737789968580172
SPGI UN Equity,0,0.17401417894085108,4,7.050923190040821,-0.12364640760816731
UHS UN Equity,0,0.15767008694893617,5,6.521978907202353,-0.37094871132129914
MSFT UW Equity,3,0.29513772769276597,7,-1.8438368180342661,-9.877308322751546
LH UN Equity,0,0.15799523190978723,5,6.319501062856692,-0.9214868851053631
KEYS UN Equity,1,0.1394533329157447,7,-3.4475334396040007,-0.6756557773376375
APTV UN Equity,2,0.23328017676170215,1,17.33243108457558,-1.6931535960029354
XYZ UN Equity,2,0.2748773300459575,4,17.80247274000026,-1.1034917441250633
EXC UW Equity,0,0.16849614777982977,10,7.031292515774772,-0.5200495515026963
ICE UN Equity,0,0.15434229952425532,4,7.026166213284464,-0.7711474935129427
MET UN Equity,0,0.1708758258561702,4,6.75338912580065,-0.5825500930419
PSKY UW Equity,4,0.4790916746382979,0,-0.05440586325914819,-16.106403387073435
CPT UN Equity,0,0.15108644863540427,9,6.319682975751794,-0.05000746121724353
SW UN Equity,2,0.24257322721531918,8,17.49191257893615,-0.9861168343379789
MTCH UW Equity,2,0.24510226159719148,0,17.58502501900985,-0.9063257907793572
WDC UW Equity,0,0.17544349242978724,7,6.814686256199886,-0.24326555389809257
PPL UN Equity,0,0.1597065080691915,10,6.65612294236967,-0.5522160508532963
TT UN Equity,0,0.15058233740340426,6,6.576524187337994,-0.6057472224048019
LRCX UW Equity,0,0.1815071176425532,7,6.756748959276205,-0.3189567946617297
STZ UN Equity,0,0.1999817039268085,2,7.201110506067804,-0.6061267923121695
NEM UN Equity,0,0.21155448279489358,8,7.31213408024768,-0.44460626140212545
PG UN Equity,2,0.23040968289617023,2,17.38103821320952,-0.4564525427678744
AXP UN Equity,0,0.1676364256017021,4,6.556629892217252,-0.1736532612512623
CEG UW Equity,0,0.15327910978842554,10,6.737688140984758,0.06233794280150817
DRI UN Equity,0,0.2182880445123404,1,7.61076412805674,-0.049134135255148564
IFF UN Equity,2,0.22366195570978725,8,17.515651692882813,-1.3112855313526577
ITW UN Equity,1,0.14462698678765956,6,-3.604800271751338,-0.3728875042848663
COO UW Equity,1,0.13674531908868084,5,-3.857413530966043,-0.32340586730244647
IQV UN Equity,0,0.1579072502706383,5,6.706305327947749,-0.7489813175468761
ORCL UN Equity,0,0.16755882439957448,7,6.729392118533991,-0.07490169522587882
CL UN Equity,2,0.26999042102314896,2,17.73435968054573,-0.42717037754614007
HPE UN Equity,0,0.15869351133429788,7,6.667314857151942,-0.10781942126139236
GIS UN Equity,0,0.2081069230238298,2,7.290212190313329,0.0028103196875437914
BKNG UW Equity,0,0.20558142386638295,1,6.912292394769523,0.3285557316710797
TTD UQ Equity,5,0.3914251268357447,0,8.931162215780095,-12.271347031453686
REGN UW Equity,1,0.13706094905021277,5,-3.4941966440141825,-0.219554654941458
PSX UN Equity,0,0.20589372315234045,3,7.199770636969693,-0.5661406950290004
JCI UN Equity,0,0.15814676867659572,6,6.62441042272418,-0.17294141921168377
TDG UN Equity,1,0.11934153078187233,6,-3.838930114313177,0.0219809058272539
TDY UN Equity,0,0.1509738703787234,7,6.886222079896149,0.14772658069833866
CB UN Equity,0,0.17736171715489363,4,6.854904251790732,-0.37023303694957865
POOL UW Equity,0,0.21225446506638296,1,7.4908558938317,0.4193183878411915
ALLE UN Equity,1,0.13571165371829788,6,-3.610564256841292,-0.06162688600220575
IR UN Equity,1,0.13803131813276595,6,-3.6161662046156398,0.1305531330360151
DVN UN Equity,0,0.19750224985276596,3,6.923059281039682,0.16758584191688625
MPWR UW Equity,0,0.14988040046297874,7,6.685866713359858,0.31230824811648006
LYB UN Equity,0,0.1676416876250213,8,6.828755010891268,-0.016908100810912235
RSG UN Equity,0,0.15285548416680853,6,6.498085197890189,0.354434299974996
ROP UW Equity,0,0.15415192790138724,7,6.668414260699304,0.44327682939461027
CRL UN Equity,1,0.13989502956851063,5,-3.526260881706019,0.056070025104181936
HAS UW Equity,0,0.20883746285889362,1,7.3873312384697325,0.25954400834555014
ULTA UW Equity,0,0.19521148498382976,1,7.016440517137961,0.285090289399839
WYNN UW Equity,2,0.2548988510545532,1,17.55086445701781,-0.018871218779875965
PTC UW Equity,1,0.14123320986553192,7,-3.3314524733090987,0.18980562286837235
CDNS UW Equity,1,0.14333616899659576,7,-3.4461168399740396,0.3536983451194291
PFG UW Equity,0,0.18632463241106384,4,6.719617312295481,0.3192414389595043
UAL UW Equity,0,0.18770007824085108,6,6.984954125606004,0.06098487586813431
BX UN Equity,0,0.16391314245021277,4,6.607051067399479,0.26510458490679933
IDXX UW Equity,0,0.15964623675327658,5,6.647084022346151,0.28902168476770473
PM UN Equity,2,0.24529116571404253,2,17.653016232518162,-0.5742528835306207
BF/B UN Equity,0,0.19083834223634044,2,7.00769674432707,0.44816634688307516
DECK UN Equity,0,0.2109501227563149,1,6.971380950022413,0.6274395054361829
TMUS UW Equity,2,0.23767486733702126,0,17.272336740844455,-0.2703362433320893
COST UW Equity,2,0.23904250810127664,2,17.575233199548144,-0.24668451776869357
PEP UW Equity,2,0.2278499798987234,2,17.416800058762902,-0.1651249730578434
EOG UN Equity,0,0.1980193058953192,3,6.851600976451649,0.1380149861279138
PLTR UW Equity,0,0.19029812623182982,7,7.0866768817218215,0.3965623119565295
J UN Equity,0,0.15645966845361703,6,6.587183121849862,0.8233440193650742
ODFL UW Equity,1,0.1180455676388085,6,-3.7541417805077058,-0.09006215084020536
ON UW Equity,1,0.14179240418688513,7,-3.6409339063004214,0.27265951549830403
AEE UN Equity,0,0.17314452494638297,10,6.452851543368762,0.29224863816109675
AME UN Equity,1,0.14553170031676596,6,-3.698247034348125,0.31333467147834776
JBHT UW Equity,0,0.14878266798098724,6,6.704190019575973,0.29774875395556555
WRB UN Equity,0,0.16645420200085104,4,6.8094609169091616,0.579053369149851
INVH UN Equity,1,0.14291617940859574,9,-3.546949180697435,0.3495588884546284
ZTS UN Equity,1,0.14173637885668086,5,-3.494230683954983,0.5188433031727111
OTIS UN Equity,0,0.15772590060949787,6,6.571560867731998,0.7647386817272903
CTAS UW Equity,1,0.13690149976297872,6,-3.270807334013111,1.0397147092518981
CMS UN Equity,0,0.17127597415580426,10,6.620779347318441,0.5816644609100321
TEL UN Equity,0,0.15424870619957445,7,6.7681735302953365,0.9362136575430215
BEN UN Equity,0,0.15025437541531916,4,6.654035024113563,0.8433375684893137
WBD UW Equity,2,0.2522179808534468,0,17.630463814906193,0.09381911412885548
CBRE UN Equity,0,0.17470526880655318,9,7.2110402598813605,0.8647596524841044
PHM UN Equity,0,0.21460228541957446,1,7.327900230741713,0.8179993240065201
DG UN Equity,0,0.2156071312561702,2,7.3333844456366455,1.286549036675925
TJX UN Equity,2,0.23864039663489364,1,17.75087626193282,0.6491790132288183
NWS UW Equity,2,0.26779835208085107,0,17.7198373141855,0.8685774381026499
FRT UN Equity,1,0.1450353024561702,9,-3.4326198303844784,0.5278721179839057
PAYC UN Equity,0,0.15462715581531913,6,6.621663869467209,0.6785109022867996
VTRS UW Equity,0,0.15988338936893615,5,6.82339589588071,0.25408631440058993
LII UN Equity,3,0.32925836098297867,6,-1.3108267471070927,-9.22492343543517
SWKS UW Equity,1,0.1458419964204255,7,-3.296435417035852,1.064750001019004
WSM UN Equity,2,0.23669555822382973,1,17.801633952628833,0.4421690398938095
STLD UW Equity,0,0.15089072925676594,8,6.7019541653581225,1.1811960407104105
BKR UW Equity,0,0.18559890317191488,3,7.153690306509658,0.6908731555058267
ADM UN Equity,2,0.23108951413021278,2,17.40099252516047,1.1193419765930406
LIN UW Equity,0,0.1837124607382128,8,6.86828939104139,0.8574336872446984
ADSK UW Equity,0,0.17116913428595745,7,6.751891550196157,1.1830168102879788
EXE UW Equity,2,0.2570597847585532,3,17.510932616000225,0.768894119246156
FOXA UW Equity,0,0.22020766371719147,0,7.250781587384381,0.4802298167220235
CPB UW Equity,2,0.23858639828255318,2,17.52256621729127,1.3153458335983477
TSN UN Equity,0,0.22140181660085106,2,7.453575558926557,0.5930484613741269
LHX UN Equity,0,0.1639517762093617,6,6.967568899181666,0.5308063435348561
NRG UN Equity,0,0.18154791622078298,10,6.855351606089611,0.7577573182221204
RVTY UN Equity,1,0.12948737562340423,5,-3.687309183772099,0.4803134849311007
L UN Equity,0,0.18332107180595744,4,6.8787376898710075,1.0913661051466317
WAB UN Equity,1,0.14769415387293616,6,-3.602497560549779,0.8956601858025255
RMD UN Equity,1,0.14157777407157449,5,-3.632565568994478,1.0984202250391377
GM UN Equity,2,0.2313813920459574,1,17.276378873583802,0.9705214914327811
STX UW Equity,0,0.22121229908032344,7,7.380113510747704,1.137669477259484
EXPD UN Equity,1,0.138750187406383,6,-3.625726146252893,1.282638057066624
DE UN Equity,0,0.15739454356510638,6,6.638362540432796,1.1008566243023366
CSX UW Equity,1,0.13646140708723403,6,-3.2212624347058654,1.3922396346389356
HCA UN Equity,0,0.16228272515914893,5,6.868417726634816,0.7037621714110143
EXPE UW Equity,2,0.24089605075829787,1,17.423120692103684,1.1435336872807669
CMCSA UW Equity,2,0.23949218557276591,0,17.580969303597655,1.3190609258530162
APO UN Equity,0,0.18153115915234044,4,6.58623836990593,0.5045933461398519
BALL UN Equity,1,0.14775106983829786,8,-3.5473773596610965,1.4911203139546203
WAT UN Equity,1,0.13171481984382977,5,-3.463683001941304,1.2839527525564478
AVB UN Equity,1,0.14269681481617022,9,-3.611703081000343,1.3338965879163327
BIIB UW Equity,0,0.19266296586042556,5,6.914735707277858,1.1208731645595154
CMI UN Equity,1,0.14558802726834044,6,-3.3067280739179292,1.7423290218606802
HSY UN Equity,2,0.2227165750055319,2,17.431843943380205,2.1393288044572687
ABNB UW Equity,2,0.2389847993923404,1,17.42285948002518,1.674359855249659
EG UN Equity,0,0.171148570133617,4,6.699628264535155,1.0145063227162436
HOOD UW Equity,3,0.3333172093787234,4,-1.4918689356959987,-8.977660210760721
SYK UN Equity,0,0.16093954053021275,5,6.363711955904897,1.2724623369688874
TSCO UW Equity,0,0.21933747035787235,1,7.169132137656911,1.3582698635089598
ZBH UN Equity,0,0.17026117407489363,5,6.670570828823202,1.2425073778822198
EXR UN Equity,1,0.12108865784549787,9,-3.6412385143602943,1.5583594857899061
VTR UN Equity,0,0.21174318808340425,9,7.205237277613309,1.4231458541254196
BLK UN Equity,0,0.15369539302212765,4,6.804044182508756,1.315580989224131
KMB UW Equity,5,0.3988065741361702,2,9.329183462899017,-10.830698937286892
PRU UN Equity,0,0.17360377211574468,4,6.80553759751749,1.4159598850096375
DELL UN Equity,0,0.16322100019319147,7,6.580658503080311,1.1324409558057082
VICI UN Equity,1,0.14558951799478298,9,-3.4699443454505614,1.3656145016397465
CVX UN Equity,0,0.20074400405957446,3,7.11349024734455,1.288871980979221
TRGP UN Equity,2,0.23628976124170212,3,17.63651741398585,1.4016454059736725
FTV UN Equity,1,0.14213986822468086,6,-3.488118880210918,1.479564794437274
FSLR UW Equity,0,0.1757289621480851,7,7.0215772570834645,1.4081344215152318
MTD UN Equity,3,0.29220901906723407,5,-2.085580296431358,-8.66392457889276
ED UN Equity,0,0.16352461469097873,10,6.592016119763517,1.589238079119255
HPQ UN Equity,0,0.1532806532825532,7,6.49623830757065,1.3108362301226644
TAP UN Equity,0,0.20311310347234043,2,7.2302342863063895,1.5647289000257434
PNW UN Equity,0,0.1751293732144681,10,6.824790781171801,1.3931429510277773
CI UN Equity,0,0.17642479331829788,5,6.968495909920458,1.4553826700884964
RJF UN Equity,1,0.14618889134297874,4,-3.5384890218381204,1.6113740419016587
PAYX UW Equity,1,0.1122367896094468,6,-3.723307305559796,2.0438778148794206
SLB UN Equity,0,0.20816176858638297,3,7.19644195448655,1.717313535340455
A UN Equity,1,0.13847023770910638,5,-3.5880752245244216,2.0335445783475383
WDAY UW Equity,0,0.17871453464960851,7,7.000223316762092,1.0368342449848047
EQR UN Equity,1,0.1472893795029787,9,-3.6127689048209852,2.248909998310756
LUV UN Equity,0,0.15023132497753192,6,6.44613313075448,1.2361468186435614
SWK UN Equity,0,0.1498856169055319,6,6.596018907048711,1.2148841142154532
O UN Equity,0,0.15754152002851063,9,6.645138162483561,1.02719199652799
KMI UN Equity,0,0.18960364272,3,6.824825115762872,1.466195479365179
ELV UN Equity,0,0.1730028701585532,5,6.601581454231665,1.8482856272498152
NFLX UW Equity,2,0.27006199602212766,0,18.01012616984652,1.9376340829535796
PLD UN Equity,0,0.15246359319148936,9,6.72726538596253,1.6148716986361442
ESS UN Equity,1,0.14047240086382978,9,-3.6908818686877503,2.047826013673599
TPR UN Equity,2,0.22390621995063828,1,17.576213667580603,1.7218495580366073
WMB UN Equity,0,0.16840215525531918,3,6.736040320057667,1.7607057986311578
NSC UN Equity,1,0.1337046272425532,6,-3.5430590767626593,2.272624613490828
WELL UN Equity,0,0.1882645799386383,9,6.840064875472155,2.008728215237301
REG UW Equity,1,0.14762366771148935,9,-3.1886188141278455,2.467737804677401
CNC UN Equity,0,0.17831217632170213,5,6.876399786697233,2.0935109370404326
DUK UN Equity,0,0.1719096642308085,10,6.994038206348357,1.7694704832058816
TTWO UW Equity,2,0.26548863237702125,0,17.86877395998918,1.8067932235054671
AJG UN Equity,0,0.1840198613574468,4,6.607545556974316,2.1503170021936735
GD UN Equity,0,0.1559811481587234,6,6.436162972452895,1.8601177573237586
GPC UN Equity,2,0.2392128097080851,1,17.72304906404993,2.273304186126874
EBAY UW Equity,0,0.19228338038153192,1,6.896396077455436,1.6529020996722736
MRNA UW Equity,6,0.4484581463982979,5,19.74475012920326,-10.0
STT UN Equity,0,0.1683060614868085,4,7.006869560560957,1.7388171304933622
GEN UW Equity,1,0.13330519054510637,7,-3.5490655511983973,2.3123540867194254
GS UN Equity,0,0.1541616601770213,4,6.684293202353858,1.542448653315699
FDX UN Equity,0,0.1589161511531915,6,6.806007693377438,1.7157148809374476
COIN UW Equity,5,0.41191018550136166,4,9.23669111283024,-9.266545482655644
NUE UN Equity,0,0.16694941329710639,8,6.602685501690078,1.8734097352661603
CHD UN Equity,0,0.21588835666127662,2,7.110197207889197,2.188975725043326
CARR UN Equity,0,0.15279186185957447,6,6.69495858191903,2.4434374909040786
MAA UN Equity,1,0.1371659846387234,9,-3.551066501327617,2.5822350465027553
MSCI UN Equity,0,0.15115183131914897,4,6.619623736498367,1.6928652171822294
NKE UN Equity,2,0.24814777945957447,1,17.328508504100906,2.170848320019712
MO UN Equity,0,0.21430517960085108,2,7.344120468224544,2.1617830260053768
DLR UN Equity,0,0.1722274538241702,9,6.799960214110559,1.8286057370649205
V UN Equity,0,0.18215053254017022,4,6.972110457894722,2.2325815568840124
BA UN Equity,7,0.848644476425532,6,23.93058334141296,-20.0
TECH UW Equity,1,0.13663989540612767,5,-3.4958192789896705,2.380910267310657
LEN UN Equity,0,0.20455110589021278,1,7.184991421256937,2.1063011850101874
DIS UN Equity,2,0.2720691854144681,0,17.809502299651253,2.349643978627952
BR UN Equity,1,0.14734115608978726,6,-3.232494113212242,2.5339788063999698
SBUX UW Equity,2,0.22302056974127654,1,17.22158914183967,2.4004193823894
PYPL UW Equity,0,0.19702089223829788,4,7.200324099232944,1.7065119541341431
PKG UN Equity,0,0.15157589798297874,8,6.736304721170821,2.4214782214020545
DD UN Equity,0,0.1723686404374468,8,6.5865852863050645,2.0633193582216576
AMAT UW Equity,0,0.16682740134876595,7,6.435361768484623,2.1062600397443596
MOS UN Equity,0,0.18735913815829786,8,7.134336260114026,1.9974625594292328
AON UN Equity,0,0.21510342821744682,4,7.448196027366782,2.126495405993673
FANG UW Equity,0,0.19003403686723405,3,6.858551411394876,2.422204398253199
GEV UN Equity,0,0.17622983616757448,6,6.590388455007744,2.2930862657592757
AMT UN Equity,0,0.15979701664297874,9,6.714844487746075,2.447728414477905
SNPS UW Equity,1,0.14450355845021276,7,-3.4247343651610644,2.6076583100055726
BRK/B UN Equity,2,0.27566671279234045,4,17.91215218898012,2.5979919354975123
HIG UN Equity,0,0.19796800985446808,4,7.233046748543714,2.4812089403034023
PPG UN Equity,0,0.17177394529676596,8,7.0930756892429585,2.74605945361714
PSA UN Equity,1,0.1256277325095319,9,-3.7138356061911386,2.482483387571812
PCG UN Equity,0,0.19505874938987233,10,7.140879649532895,2.3553630649329116
LULU UW Equity,2,0.2255999072280851,1,17.292508003428726,2.7370107051282684
UNP UN Equity,1,0.14120154755574468,6,-3.3257325476015924,2.9815369346293856
TSLA UW Equity,8,0.8023886805446809,1,13.250818961261778,-20.0
BSX UN Equity,0,0.17197227796765957,5,6.769723238494652,2.0970107113514804
INTU UW Equity,0,0.1741690404627234,7,6.714153372019956,2.758196332619817
GE UN Equity,0,0.18751307392765956,6,6.987378773592545,2.4336842483664145
HST UW Equity,0,0.19090705306800002,9,6.975753412720568,2.8203699654489793
KEY UN Equity,0,0.17035187437517446,4,6.6565189162316525,2.6627316955141604
TXN UW Equity,1,0.1363727931795745,7,-3.4771327800624046,2.8207937448462266
INCY UW Equity,0,0.15723548671574467,5,6.980900700271203,2.5592685975816134
IP UN Equity,0,0.15658436171940426,8,6.934651410931742,2.704412516557931
BAC UN Equity,0,0.17588555991829788,4,7.036222583250735,3.1301372459918393
MRK UN Equity,0,0.1737606111131915,5,6.705785688724986,3.1867948011376095
VZ UN Equity,2,0.2540408743947234,0,17.646445234522893,2.263450574515954
DOC UN Equity,0,0.16818640014893618,9,6.914712269370964,2.710060515571274
PANW UW Equity,0,0.19418682288340425,7,7.150391952734873,2.757928443031255
XEL UW Equity,0,0.17351954140042555,10,6.907810365511227,3.01210639698249
SYF UN Equity,1,0.13525623987332766,4,-3.3225912591609745,3.0196183750427465
NVR UN Equity,3,0.3336392463744681,1,-1.5246628575291723,-8.016039685766744
DXCM UW Equity,0,0.16698480373234043,5,6.961524201912441,2.556796662337964
EA UW Equity,2,0.2395075852212766,0,17.803899266143752,3.031258551767768
EPAM UN Equity,0,0.18836251705565957,7,7.089722035539473,2.8766450765982716
ARE UN Equity,0,0.16501070302570212,9,6.864729319463409,2.8120773343691514
NOC UN Equity,0,0.1631984291227234,6,6.8305838616385826,2.922185662135911
CBOE UF Equity,1,0.12147956810187234,4,-3.6674668476498513,3.21503202555122
F UN Equity,2,0.23861466629531916,1,17.486911671547432,2.736033606580886
DLTR UW Equity,0,0.215299762106383,2,7.323179605062865,2.660531970698079
AES UN Equity,0,0.17593841488533618,10,6.598818392006832,2.496647861772095
MTB UN Equity,1,0.14495128964340423,4,-3.636697290738377,3.2848286702961462
LW UN Equity,2,0.2234066357940425,2,17.417687994281447,2.737886754571686
GPN UN Equity,0,0.16204636052085106,4,6.7357166093718215,2.400959439015421
NTAP UW Equity,0,0.1509814542668085,7,6.52569770192008,2.66502483267975
FICO UN Equity,1,0.14284242342723405,7,-3.6799870835439865,3.417892668995774
IEX UN Equity,1,0.13659266591234043,6,-3.2915408085993803,3.305275536089139
FE UN Equity,0,0.1844933921531915,10,6.762560813268935,2.8548676026062254
KKR UN Equity,0,0.17428916007557446,4,7.101633541459444,2.9214040900927762
TER UW Equity,0,0.15842497501259575,7,6.945196813200786,3.504175340276253
JNJ UN Equity,0,0.19657858157617022,5,7.2829831464147645,3.321531455059605
VRTX UW Equity,1,0.1396222782519149,5,-3.2494036621905096,3.3024228446693744
BG UN Equity,0,0.19713610168765958,2,7.123128477222684,2.8296758964112816
DHR UN Equity,0,0.16177977934212764,5,6.923019540486883,3.1822913515233346
TRV UN Equity,0,0.17239811472170213,4,6.8316778565678,3.018760242236922
UNH UN Equity,0,0.19554136063574468,5,7.098828921377139,3.0746044047283863
CPRT UW Equity,1,0.12680763260680852,6,-3.6669630705399596,3.46666838541773
INTC UW Equity,2,0.23546661579574465,7,17.44508201097007,3.200781804419945
ADI UW Equity,0,0.15554323612170212,7,6.492124472881205,3.2171923395061626
HUBB UN Equity,1,0.13116259136638297,6,-3.652626347663296,3.1431148451187396
WST UN Equity,0,0.16101882424595743,5,6.772131237597847,3.350819269310073
RL UN Equity,2,0.23571843010723403,1,17.493874875682376,3.3533029431363057
ISRG UW Equity,0,0.15355957832425532,5,6.644757334109096,3.136377432009128
META UW Equity,5,0.3651977763412766,0,8.604546462022485,-7.664219495398458
AMCR UN Equity,0,0.15527470929106382,8,6.457979631505415,3.512320499077629
AIZ UN Equity,0,0.17595910754808508,4,6.858893775767816,2.9860386222723454
ABBV UN Equity,0,0.17989994321021277,5,6.8952324441997,3.2982735073124205
ADBE UW Equity,0,0.17698464624902127,7,7.146777834205541,3.9712727362847193
PNC UN Equity,1,0.13818513419404255,4,-3.303549645386345,3.2815208509663933
AMP UN Equity,0,0.15749305751063833,4,6.8103741565244444,3.402789803205987
DASH UW Equity,3,0.34026385354042554,1,-1.4452649474406634,-8.357648593963194
ROL UN Equity,1,0.1359992350829787,6,-3.7113533939597803,3.390974581447482
TKO UN Equity,3,0.291351144586383,0,-2.1487821341141315,-7.054278565903738
UPS UN Equity,0,0.16475557593676596,6,6.752814382765795,3.7304890571151192
MS UN Equity,0,0.15582330896000002,4,6.6963500100466655,3.420231037920785
AAPL UW Equity,3,0.32906077977787235,7,-1.5937692042644154,-7.587103206303696
WY UN Equity,0,0.16590423333662127,9,6.769568735434068,3.567710830123839
GILD UW Equity,0,0.15301004945446808,5,6.59959830522612,3.4334863206071247
BLDR UN Equity,0,0.1798711165480851,6,6.7445306802539315,3.4302457868281535
PEG UN Equity,0,0.1692193371317532,10,6.774448160489273,3.303142645851757
NWSA UW Equity,2,0.25549811300085107,0,17.68729129805363,3.2758542280876988
ALB UN Equity,0,0.18665008526297872,8,6.864851442049963,3.6307541476864076
SNA UN Equity,1,0.13636899902348934,6,-3.6756944053720897,3.5506882930996295
KVUE UN Equity,2,0.23642786182902126,2,17.55707866690067,3.7739118105708402
SCHW UN Equity,0,0.1619703217344681,4,6.53484237853098,3.335460073564484
UBER UN Equity,0,0.19055321352876597,6,7.093679335551198,3.7399062428531913
ATO UN Equity,0,0.17246997934893618,10,6.889300293436568,3.8699972478002183
AMZN UW Equity,5,0.4023553453686809,1,9.266630981026895,-6.045796450077555
EIX UN Equity,0,0.17643302406212766,10,6.603451914602003,3.7154739114119564
CMG UN Equity,0,0.21692793504170216,1,7.270439918422763,3.5774444391276328
LMT UN Equity,0,0.1863496682774468,6,7.123024964410234,3.7876635802576364
FIS UN Equity,0,0.1754766538961702,4,7.020484211584598,3.622169484457767
LOW UN Equity,3,0.3248959610187234,1,-1.7096503571806076,-6.630865851851355
YUM UN Equity,2,0.23046424554663827,1,17.603158675153274,3.3475331314841963
IBM UN Equity,0,0.1538953412866383,7,6.793035709361254,3.9583900926245645
WFC UN Equity,0,0.18119911703063832,4,6.926419557479786,3.2918173531184043
AXON UW Equity,0,0.1727293674892766,6,6.706527331394661,3.6909325950564305
SMCI UW Equity,2,0.2322722887514894,7,17.694107303172803,3.69826406280686
LLY UN Equity,0,0.18249034247404256,5,6.771336525393302,3.3022970012190003
